[

    {
        "question" : "(1) Which directive binds the values of application data to HTML input controls in Angular?",
        "option" : ["ng-app" , "ng-model", "ng-bind", "ng-new"],
        "answer" : "(2) ng-model"
    },

    {
        "question" : "(2) Which community Angular belongs to?",
        "option" : ["Facebook" , "Whatsapp", "Google", "Twitter"],
        "answer" : "(3) Google"
    },

        {
        "question" : "(3) What is the decorator used for configuring your module class?",
        "option" : ["@NgModule","@NgApp","@NgAngular","@NgConfigure"],
        "answer" : "(1) @NgModule"
        },

        {
        "question" : "(4) . Interpolation in angular 2 is done using?",
        "option" : ["{{}}"," {{|var}}", "{{{}}}","!!!!"],
        "answer" : "(1) {{}}"
        }



]